{
  "checkpoint": "C:\\Users\\emili\\sepsis_project\\data\\sepsis_causal_project\\artifacts\\model\\best_model.pt",
  "n_test_sequences": 6051,
  "n_test_timesteps": 229717,
  "factual_metrics": {
    "auroc": 0.5871586251683538,
    "auprc": 0.22294421503283324,
    "f1": 0.02132943754565376
  },
  "treatment_effect_metrics": {
    "pehe": 0.03100442883052425,
    "ate_error": 0.005204032640904188,
    "policy_regret": 0.008412056602537632
  }
}