{
  "checkpoint": "C:\\Users\\emili\\sepsis_project\\data\\sepsis_causal_project\\artifacts\\model\\best_model.pt",
  "n_test_sequences": 6051,
  "n_test_timesteps": 229717,
  "factual_metrics": {
    "auroc": 0.5855962136972568,
    "auprc": 0.22111409609277521,
    "f1": 0.022981130974948236
  },
  "treatment_effect_metrics": {
    "pehe": 0.03396517674467683,
    "ate_error": 0.009837203659117222,
    "policy_regret": 0.009262151084840298
  }
}