{
  "model": {
    "hidden_size": 96,
    "num_heads": 8,
    "num_layers": 2,
    "dropout": 0.17923162654612423,
    "ff_dim": 192
  },
  "train": {
    "learning_rate": 9.621703473953824e-05,
    "weight_decay": 0.009368852855050864,
    "batch_size": 64,
    "lambda_propensity": 1.1018390261038906,
    "lambda_balance": 0.06007975725060221,
    "lambda_smooth": 0.05612598660712548,
    "grad_clip": 0.5122426045642356
  }
}