{
  "trials": [
    {
      "number": 0,
      "state": "TrialState.COMPLETE",
      "value": 0.08586322100314668,
      "params": {
        "model.hidden_size": 128,
        "model.num_heads": 8,
        "model.ff_multiplier": 2,
        "model.num_layers": 4,
        "model.dropout": 0.14011150117432086,
        "train.learning_rate": 0.00013343574182140053,
        "train.weight_decay": 1.1527987128232396e-05,
        "train.batch_size": 32,
        "train.lambda_propensity": 0.806169555339138,
        "train.lambda_balance": 0.04155359286317299,
        "train.lambda_smooth": 0.03741274507279066,
        "train.grad_clip": 0.9563633644393066
      },
      "user_attrs": {
        "best_epoch": 5,
        "best_model_path": "C:\\Users\\emili\\sepsis_project\\data\\sepsis_causal_project\\artifacts\\tuning\\sepsis_hparam_tuning_treatment_policy\\trial_0000\\model\\best_model.pt",
        "best_val_total": 2.4353118624006,
        "objective_metric": "causal_combo",
        "objective_value": 0.08586322100314668,
        "val_ate_error": 0.009622941724956036,
        "val_auprc": 0.22343457385836046,
        "val_auroc": 0.5806022793824954,
        "val_f1": 0.032290213274865455,
        "val_pehe": 0.03913581048551372,
        "val_policy_regret": 0.018552234396338463
      }
    },
    {
      "number": 1,
      "state": "TrialState.COMPLETE",
      "value": 0.09957683560007811,
      "params": {
        "model.hidden_size": 96,
        "model.num_heads": 8,
        "model.ff_multiplier": 2,
        "model.num_layers": 4,
        "model.dropout": 0.15851759613930136,
        "train.learning_rate": 6.594556597010994e-05,
        "train.weight_decay": 0.0003489018845491386,
        "train.batch_size": 32,
        "train.lambda_propensity": 1.0037724259507192,
        "train.lambda_balance": 0.04072066059648793,
        "train.lambda_smooth": 0.03244407151594722,
        "train.grad_clip": 1.92332830588
      },
      "user_attrs": {
        "best_epoch": 5,
        "best_model_path": "C:\\Users\\emili\\sepsis_project\\data\\sepsis_causal_project\\artifacts\\tuning\\sepsis_hparam_tuning_treatment_policy\\trial_0001\\model\\best_model.pt",
        "best_val_total": 2.942308857327416,
        "objective_metric": "causal_combo",
        "objective_value": 0.09957683560007811,
        "val_ate_error": 0.01835990883409977,
        "val_auprc": 0.21545770559744876,
        "val_auroc": 0.5729445364946165,
        "val_f1": 0.03101083956869328,
        "val_pehe": 0.047421733928263196,
        "val_policy_regret": 0.016897596418857574
      }
    },
    {
      "number": 2,
      "state": "TrialState.COMPLETE",
      "value": 0.08797142045177547,
      "params": {
        "model.hidden_size": 96,
        "model.num_heads": 8,
        "model.ff_multiplier": 3,
        "model.num_layers": 4,
        "model.dropout": 0.08343885211152184,
        "train.learning_rate": 0.00017637435466414885,
        "train.weight_decay": 5.9750279999602906e-05,
        "train.batch_size": 32,
        "train.lambda_propensity": 0.9600340105889054,
        "train.lambda_balance": 0.07989958842238233,
        "train.lambda_smooth": 0.037478113360623636,
        "train.grad_clip": 1.9543769416468377
      },
      "user_attrs": {
        "best_epoch": 5,
        "best_model_path": "C:\\Users\\emili\\sepsis_project\\data\\sepsis_causal_project\\artifacts\\tuning\\sepsis_hparam_tuning_treatment_policy\\trial_0002\\model\\best_model.pt",
        "best_val_total": 2.82140020340208,
        "objective_metric": "causal_combo",
        "objective_value": 0.08797142045177547,
        "val_ate_error": 0.013545538298785686,
        "val_auprc": 0.2227258541694365,
        "val_auroc": 0.5793358164765932,
        "val_f1": 0.033907931729758894,
        "val_pehe": 0.04085513060517637,
        "val_policy_regret": 0.016785375773906708
      }
    },
    {
      "number": 3,
      "state": "TrialState.COMPLETE",
      "value": 0.09511940772666419,
      "params": {
        "model.hidden_size": 128,
        "model.num_heads": 8,
        "model.ff_multiplier": 3,
        "model.num_layers": 3,
        "model.dropout": 0.11253303307632644,
        "train.learning_rate": 8.569925568298942e-05,
        "train.weight_decay": 6.516990611177177e-05,
        "train.batch_size": 32,
        "train.lambda_propensity": 0.8404672548436903,
        "train.lambda_balance": 0.07932697443212425,
        "train.lambda_smooth": 0.03554737507614101,
        "train.grad_clip": 1.7032954711310595
      },
      "user_attrs": {
        "best_epoch": 5,
        "best_model_path": "C:\\Users\\emili\\sepsis_project\\data\\sepsis_causal_project\\artifacts\\tuning\\sepsis_hparam_tuning_treatment_policy\\trial_0003\\model\\best_model.pt",
        "best_val_total": 2.5241893548814076,
        "objective_metric": "causal_combo",
        "objective_value": 0.09511940772666419,
        "val_ate_error": 0.01689736545085907,
        "val_auprc": 0.21979360499506972,
        "val_auroc": 0.5758837632668721,
        "val_f1": 0.0272641536395073,
        "val_pehe": 0.043747986061710965,
        "val_policy_regret": 0.01723702810704708
      }
    },
    {
      "number": 4,
      "state": "TrialState.COMPLETE",
      "value": 0.08331239490864892,
      "params": {
        "model.hidden_size": 128,
        "model.num_heads": 8,
        "model.ff_multiplier": 2,
        "model.num_layers": 2,
        "model.dropout": 0.15712703466859457,
        "train.learning_rate": 5.540504688428007e-05,
        "train.weight_decay": 0.0001189589673755355,
        "train.batch_size": 64,
        "train.lambda_propensity": 1.011649063413779,
        "train.lambda_balance": 0.05427626653690375,
        "train.lambda_smooth": 0.03238579519945563,
        "train.grad_clip": 0.9664734825734933
      },
      "user_attrs": {
        "best_epoch": 5,
        "best_model_path": "C:\\Users\\emili\\sepsis_project\\data\\sepsis_causal_project\\artifacts\\tuning\\sepsis_hparam_tuning_treatment_policy\\trial_0004\\model\\best_model.pt",
        "best_val_total": 2.967609889805317,
        "objective_metric": "causal_combo",
        "objective_value": 0.08331239490864892,
        "val_ate_error": 0.016868725419044495,
        "val_auprc": 0.2142481522354002,
        "val_auroc": 0.5720066055632816,
        "val_f1": 0.021483140904130046,
        "val_pehe": 0.04720214835463185,
        "val_policy_regret": 0.009620760567486286
      }
    },
    {
      "number": 5,
      "state": "TrialState.COMPLETE",
      "value": 0.09046874508343646,
      "params": {
        "model.hidden_size": 128,
        "model.num_heads": 8,
        "model.ff_multiplier": 2,
        "model.num_layers": 4,
        "model.dropout": 0.13612771975694962,
        "train.learning_rate": 0.00014559233055384268,
        "train.weight_decay": 0.00030296104428212476,
        "train.batch_size": 32,
        "train.lambda_propensity": 0.7127095633720475,
        "train.lambda_balance": 0.036397965041474724,
        "train.lambda_smooth": 0.03115694788690965,
        "train.grad_clip": 1.4546156168956705
      },
      "user_attrs": {
        "best_epoch": 5,
        "best_model_path": "C:\\Users\\emili\\sepsis_project\\data\\sepsis_causal_project\\artifacts\\tuning\\sepsis_hparam_tuning_treatment_policy\\trial_0005\\model\\best_model.pt",
        "best_val_total": 2.200086340071663,
        "objective_metric": "causal_combo",
        "objective_value": 0.09046874508343646,
        "val_ate_error": 0.012145603075623512,
        "val_auprc": 0.22183564476803552,
        "val_auroc": 0.579868213474892,
        "val_f1": 0.029986887862721624,
        "val_pehe": 0.04106232278130957,
        "val_policy_regret": 0.018630409613251686
      }
    },
    {
      "number": 6,
      "state": "TrialState.COMPLETE",
      "value": 0.08834633891323662,
      "params": {
        "model.hidden_size": 160,
        "model.num_heads": 8,
        "model.ff_multiplier": 3,
        "model.num_layers": 2,