{
  "feature_cols": [
    "HR",
    "O2Sat",
    "Temp",
    "SBP",
    "MAP",
    "DBP",
    "Resp",
    "EtCO2",
    "BaseExcess",
    "HCO3",
    "FiO2",
    "pH",
    "PaCO2",
    "SaO2",
    "AST",
    "BUN",
    "Alkalinephos",
    "Calcium",
    "Chloride",
    "Creatinine",
    "Bilirubin_direct",
    "Glucose",
    "Lactate",
    "Magnesium",
    "Phosphate",
    "Potassium",
    "Bilirubin_total",
    "TroponinI",
    "Hct",
    "Hgb",
    "PTT",
    "WBC",
    "Fibrinogen",
    "Platelets",
    "Age",
    "Gender",
    "Unit1",
    "Unit2",
    "HospAdmTime",
    "ICULOS"
  ],
  "mean": [
    84.62062072753906,
    97.2011489868164,
    36.979434967041016,
    123.75630187988281,
    82.44066619873047,
    63.83281326293945,
    18.713258743286133,
    32.91297912597656,
    -0.7217433452606201,
    24.07834815979004,
    0.5676289796829224,
    7.378393173217773,
    40.99604415893555,
    92.7952880859375,
    274.7843933105469,
    23.85338020324707,
    102.77542114257812,
    7.536231994628906,
    105.78431701660156,
    1.5111470222473145,
    1.9242277145385742,
    137.17935180664062,
    2.69163179397583,
    2.050725221633911,
    3.5499472618103027,
    4.137136936187744,
    2.1714553833007812,
    8.623639106750488,
    30.78784942626953,
    10.430147171020508,
    41.31051254272461,
    11.451512336730957,
    284.1688537597656,
    195.48480224609375,
    62.03649139404297,
    0.5569184422492981,
    0.4975646138191223,
    0.5024353861808777,
    -57.38738250732422,
    27.133546829223633
  ],
  "std": [
    17.34660530090332,
    2.9297804832458496,
    0.7678462862968445,
    23.30141258239746,
    16.365520477294922,
    13.99242877960205,
    5.087399005889893,
    7.9156174659729,
    4.2990617752075195,
    4.373225212097168,
    13.232012748718262,
    0.07425057888031006,
    9.165990829467773,
    10.724104881286621,
    900.7891845703125,
    19.856586456298828,
    116.94303894042969,
    2.4524333477020264,
    5.81209659576416,
    1.8048275709152222,
    3.9830188751220703,
    51.438655853271484,
    2.5763309001922607,
    0.3943623900413513,
    1.4316928386688232,
    0.642383873462677,
    4.470458030700684,
    25.785274505615234,
    5.515758991241455,
    1.9780042171478271,
    26.053489685058594,
    7.883121490478516,
    149.2450714111328,
    102.03044891357422,
    16.41527557373047,
    0.49674972891807556,
    0.49999406933784485,
    0.49999406933784485,
    172.20787048339844,
    29.074798583984375
  ],
  "observed_count": [
    982436,
    948102,
    370135,
    931881,
    954531,
    752930,
    922971,
    41008,
    59087,
    45355,
    91407,
    75751,
    60844,
    37827,
    17542,
    74697,
    17370,
    64294,
    49232,
    66329,
    2046,
    186909,
    29243,
    68469,
    43570,
    101443,
    16215,
    10267,
    96242,
    80391,
    31977,
    69734,
    7282,
    64766,
    1089129,
    1089129,
    659645,
    659645,
    1089121,
    1089129
  ]
}