{
  "source_prepared_dir": "C:\\Users\\emili\\sepsis_project\\data\\sepsis_causal_project\\artifacts\\prepared",
  "report": {
    "train": {
      "n_patients": 28235,
      "n_timesteps": 1089129,
      "avg_length": 38.57372055958916,
      "median_length": 38.0,
      "patient_level": {
        "septic_patients_from_manifest": 2033,
        "septic_patients_from_arrays": 2033,
        "septic_prevalence": 0.07200283336284753
      },
      "timestep_level": {
        "factual_outcome_positive": 159023,
        "factual_outcome_prevalence": 0.1460093340641926,
        "sepsis_positive": 19353,
        "sepsis_prevalence": 0.01776924496547241,
        "sepsis_h12_positive": 37750,
        "sepsis_h12_prevalence": 0.03466072430354898
      },
      "auprc_random_baselines": {
        "factual_outcome": 0.1460093340641926,
        "sepsis_timestep": 0.01776924496547241,
        "sepsis_h12_timestep": 0.03466072430354898,
        "sepsis_patient": 0.07200283336284753
      }
    },
    "val": {
      "n_patients": 6050,
      "n_timesteps": 233364,
      "avg_length": 38.572561983471076,
      "median_length": 39.0,
      "patient_level": {
        "septic_patients_from_manifest": 467,
        "septic_patients_from_arrays": 467,
        "septic_prevalence": 0.0771900826446281
      },
      "timestep_level": {
        "factual_outcome_positive": 34259,
        "factual_outcome_prevalence": 0.1468049913439948,
        "sepsis_positive": 4464,
        "sepsis_prevalence": 0.01912891448552476,
        "sepsis_h12_positive": 8581,
        "sepsis_h12_prevalence": 0.03677088154128315
      },
      "auprc_random_baselines": {
        "factual_outcome": 0.1468049913439948,
        "sepsis_timestep": 0.01912891448552476,
        "sepsis_h12_timestep": 0.03677088154128315,
        "sepsis_patient": 0.0771900826446281
      }
    },
    "test": {
      "n_patients": 6051,
      "n_timesteps": 229717,
      "avg_length": 37.96347711122129,
      "median_length": 38.0,
      "patient_level": {
        "septic_patients_from_manifest": 432,
        "septic_patients_from_arrays": 432,
        "septic_prevalence": 0.07139315815567675
      },
      "timestep_level": {
        "factual_outcome_positive": 33689,
        "factual_outcome_prevalence": 0.14665436167109966,
        "sepsis_positive": 4099,
        "sepsis_prevalence": 0.017843694632961427,
        "sepsis_h12_positive": 7909,
        "sepsis_h12_prevalence": 0.03442931955405999
      },
      "auprc_random_baselines": {
        "factual_outcome": 0.14665436167109966,
        "sepsis_timestep": 0.017843694632961427,
        "sepsis_h12_timestep": 0.03442931955405999,
        "sepsis_patient": 0.07139315815567675
      }
    }
  }
}