{
  "best_threshold": 0.07,
  "best_f1": 0.12101910828025478,
  "threshold_min": 0.05,
  "threshold_max": 0.95,
  "threshold_steps": 91,
  "threshold_target": "sepsis",
  "n_val_timesteps": 233364,
  "positive_rate": 0.019128914922475815
}