{
  "trials": [
    {
      "number": 0,
      "state": "TrialState.COMPLETE",
      "value": 1.0446110016879293,
      "params": {
        "model.hidden_size": 128,
        "model.num_heads": 8,
        "model.ff_multiplier": 2,
        "model.num_layers": 4,
        "model.dropout": 0.15213380140918506,
        "train.learning_rate": 0.00014642013631019512,
        "train.weight_decay": 5.930845185621574e-06,
        "train.batch_size": 32,
        "train.lambda_propensity": 0.7486373774747933,
        "train.lambda_balance": 0.030398696602619617,
        "train.lambda_smooth": 0.02778090851688602,
        "train.grad_clip": 0.9563633644393066,
        "train.lambda_sepsis": 2.479220581223161,
        "train.sepsis_pos_weight": 5.171532658457984
      },
      "user_attrs": {
        "best_epoch": 1,
        "best_model_path": "C:\\Users\\emili\\sepsis_project\\data\\sepsis_causal_project\\artifacts\\tuning\\sepsis_hparam_tuning_goal_balanced_smoke2\\trial_0000\\model\\best_model.pt",
        "best_val_total": 3.0571810245513915,
        "objective_metric": "hybrid_combo",
        "objective_value": 1.0446110016879293,
        "val_ate_error": 0.051365405321121216,
        "val_factual_auprc": 0.15494365863110976,
        "val_factual_auroc": 0.519444857105699,
        "val_factual_f1": 0.0,
        "val_pehe": 0.06933023536768108,
        "val_policy_regret": 0.06228214502334595,
        "val_sepsis_auprc": 0.04808849197033093,
        "val_sepsis_auroc": 0.6494350057975575,
        "val_sepsis_f1": 0.0,
        "val_sepsis_mae": 0.06416118527316397,
        "val_sepsis_rmse": 0.13918765589761134
      }
    }
  ]
}