{
  "feature_cols": [
    "HR",
    "O2Sat",
    "Temp",
    "SBP",
    "MAP",
    "DBP",
    "Resp",
    "EtCO2",
    "BaseExcess",
    "HCO3",
    "FiO2",
    "pH",
    "PaCO2",
    "SaO2",
    "AST",
    "BUN",
    "Alkalinephos",
    "Calcium",
    "Chloride",
    "Creatinine",
    "Bilirubin_direct",
    "Glucose",
    "Lactate",
    "Magnesium",
    "Phosphate",
    "Potassium",
    "Bilirubin_total",
    "TroponinI",
    "Hct",
    "Hgb",
    "PTT",
    "WBC",
    "Fibrinogen",
    "Platelets",
    "Age",
    "Gender",
    "Unit1",
    "Unit2",
    "HospAdmTime",
    "ICULOS"
  ],
  "mean": [
    85.00525665283203,
    97.4638442993164,
    36.9405517578125,
    121.06776428222656,
    78.77442169189453,
    60.74113464355469,
    18.525249481201172,
    0.0,
    -4.650000095367432,
    21.63068199157715,
    0.5357142686843872,
    7.331956386566162,
    38.53731155395508,
    94.27586364746094,
    59.75,
    30.612903594970703,
    146.0,
    8.0,
    107.13636016845703,
    2.7445945739746094,
    0.0,
    132.3072967529297,
    1.8073170185089111,
    2.0153846740722656,
    3.326530694961548,
    4.277669906616211,
    0.7749999761581421,
    0.5,
    32.029727935791016,
    10.989411354064941,
    32.814998626708984,
    11.059523582458496,
    549.0,
    186.04476928710938,
    61.18940734863281,
    0.543915331363678,
    0.6672760248184204,
    0.3327239453792572,
    -63.818084716796875,
    21.11640167236328
  ],
  "std": [
    16.167339324951172,
    2.4656174182891846,
    0.6183856129646301,
    20.518169403076172,
    14.24372386932373,
    12.125224113464355,
    4.616671562194824,
    1.0,
    3.649543285369873,
    3.866004467010498,
    0.20938847959041595,
    0.07415083050727844,
    7.857553482055664,
    7.748844623565674,
    119.2533187866211,
    23.190670013427734,
    84.53831481933594,
    0.7249070405960083,
    5.673266410827637,
    2.9507737159729004,
    1.0,
    52.68075942993164,
    0.924830973148346,
    0.25574272871017456,
    1.513716220855713,
    0.7006144523620605,
    0.3072051405906677,
    0.20000000298023224,
    5.222846508026123,
    2.0390899181365967,
    12.020639419555664,
    4.440643310546875,
    0.0010000000474974513,
    98.91326141357422,
    15.75908374786377,
    0.498067706823349,
    0.47118863463401794,
    0.47118863463401794,
    119.23682403564453,
    13.607855796813965
  ],
  "observed_count": [
    856,
    816,
    272,
    760,
    832,
    423,
    802,
    0,
    90,
    88,
    63,
    92,
    67,
    29,
    12,
    93,
    11,
    51,
    88,
    74,
    0,
    96,
    41,
    78,
    49,
    103,
    8,
    2,
    111,
    85,
    40,
    84,
    2,
    67,
    945,
    945,
    547,
    547,
    945,
    945
  ]
}