{
  "model": {
    "hidden_size": 128,
    "num_heads": 8,
    "num_layers": 2,
    "dropout": 0.20438591675203865,
    "ff_dim": 384
  },
  "train": {
    "learning_rate": 6.605725808800302e-05,
    "weight_decay": 0.018295551042445405,
    "batch_size": 32,
    "lambda_propensity": 0.6016438945782764,
    "lambda_balance": 0.020249394432739144,
    "lambda_smooth": 0.10770844078720164
  }
}