{
  "method": "bayes",
  "direction": "minimize",
  "objective_metric": "hybrid_combo",
  "classification_level": "patient",
  "causal_objective_weights": null,
  "hybrid_objective_weights": {
    "pehe": 0.4,
    "ate_error": 0.4,
    "policy_regret": 0.7,
    "one_minus_sepsis_auroc": 3.0,
    "sepsis_rmse": 2.0
  },
  "n_trials_requested": 15,
  "n_trials_requested_this_run": 15,
  "n_trials_completed_before": 0,
  "n_trials_completed": 15,
  "n_trials_target_total": 15,
  "best_trial_number": 14,
  "best_value": 1.1152959546194232,
  "best_params": {
    "model.hidden_size": 160,
    "model.num_heads": 8,
    "model.ff_multiplier": 3,
    "model.num_layers": 2,
    "model.dropout": 0.16139295454339125,
    "train.learning_rate": 4.0142926520839566e-05,
    "train.weight_decay": 0.00018516299939986408,
    "train.batch_size": 32,
    "train.lambda_propensity": 0.6214433299140002,
    "train.lambda_balance": 0.10847777098173247,
    "train.lambda_smooth": 0.050802056677729995,
    "train.grad_clip": 0.5197688215713854,
    "train.lambda_sepsis": 3.367774812188264,
    "train.sepsis_pos_weight": 4.662890013604836
  },
  "best_user_attrs": {
    "best_epoch": 4,
    "best_model_path": "C:\\Users\\emili\\sepsis_project\\data\\sepsis_causal_project\\artifacts\\tuning\\sepsis_hparam_tuning_patient_horizon\\trial_0014\\model\\best_model.pt",
    "best_val_total": 3.405068826071824,
    "objective_metric": "hybrid_combo",
    "objective_value": 1.1152959546194232,
    "val_ate_error": 0.019594253972172737,
    "val_factual_auprc": 0.20553727198441296,
    "val_factual_auroc": 0.5638810252106321,
    "val_factual_f1": 0.009506695264042664,
    "val_patient_sepsis_auprc": 0.4990388656502196,
    "val_patient_sepsis_auroc": 0.811121326173329,
    "val_patient_sepsis_f1": 0.47863247863247865,
    "val_patient_sepsis_mae": 0.1881401122903282,
    "val_patient_sepsis_rmse": 0.250485723276385,
    "val_pehe": 0.050543964308077644,
    "val_policy_regret": 0.028047427535057068,
    "val_sepsis_auprc": 0.17955122459764794,
    "val_sepsis_auroc": 0.7920160905596919,
    "val_sepsis_f1": 0.28709087888353546,
    "val_sepsis_mae": 0.11182056383228643,
    "val_sepsis_rmse": 0.20540099302075784
  },
  "storage": "sqlite:///C:/Users/emili/sepsis_project/data/sepsis_causal_project/artifacts/tuning/sepsis_hparam_tuning_patient_horizon/optuna_study.db"
}