{
  "model": {
    "hidden_size": 96,
    "num_heads": 4,
    "num_layers": 3,
    "dropout": 0.2439819704323989,
    "ff_dim": 288
  },
  "train": {
    "learning_rate": 0.0002039688726477339,
    "weight_decay": 8.189867664214776e-06,
    "batch_size": 64,
    "lambda_propensity": 0.873818018663584,
    "lambda_balance": 0.08283072221077194,
    "lambda_smooth": 0.029251420662620615
  }
}