{
  "model": {
    "hidden_size": 96,
    "num_heads": 4,
    "num_layers": 3,
    "dropout": 0.13207658460712596,
    "ff_dim": 192
  },
  "train": {
    "learning_rate": 0.00017087258644559537,
    "weight_decay": 9.639794432729028e-06,
    "batch_size": 64,
    "lambda_propensity": 0.745099158528604,
    "lambda_balance": 0.2479929176624624,
    "lambda_smooth": 0.07449178106338813
  }
}