{
  "best_threshold": 0.20999999999999996,
  "best_f1": 0.336734693877551,
  "threshold_min": 0.05,
  "threshold_max": 0.95,
  "threshold_steps": 91,
  "threshold_target": "sepsis",
  "threshold_level": "patient",
  "n_val_timesteps": 6050,
  "positive_rate": 0.0771900826446281
}